{
  "version": "2.1.39",
  "layer": 199,
  "file_size": 2097152000,
  "download": {
    "start_time": 1740898331.252568,
    "end_time": 1740898557.733312,
    "time_taken": 226
  },
  "upload": {
    "start_time": 1740898557.733318,
    "end_time": 1740899314.415602,
    "time_taken": 756
  }
}
