{
  "version": "2.1.37",
  "layer": 196,
  "file_size": 2097152000,
  "download": {
    "start_time": 1738461602.156918,
    "end_time": 1738461879.204621,
    "time_taken": 277
  },
  "upload": {
    "start_time": 1738461879.204628,
    "end_time": 1738462451.129856,
    "time_taken": 571
  }
}
{
  "version": "2.1.37",
  "layer": 196,
  "file_size": 2097152000,
  "download": {
    "start_time": 1738479438.457831,
    "end_time": 1738479765.84538,
    "time_taken": 327
  },
  "upload": {
    "start_time": 1738479765.845388,
    "end_time": 1738480072.49364,
    "time_taken": 306
  }
}
{
  "version": "2.1.37",
  "layer": 196,
  "file_size": 2097152000,
  "download": {
    "start_time": 1738481155.545599,
    "end_time": 1738481637.342895,
    "time_taken": 481
  },
  "upload": {
    "start_time": 1738481637.342902,
    "end_time": 1738482451.183291,
    "time_taken": 813
  }
}
