{
  "version": "2.1.37",
  "layer": 196,
  "file_size": 2097152000,
  "download": {
    "start_time": 1739000256.135601,
    "end_time": 1739000632.589482,
    "time_taken": 376
  },
  "upload": {
    "start_time": 1739000632.589489,
    "end_time": 1739001257.14131,
    "time_taken": 624
  }
}
