{
  "version": "2.1.37",
  "layer": 196,
  "file_size": 2097152000,
  "download": {
    "start_time": 1738573107.807104,
    "end_time": 1738573537.46011,
    "time_taken": 429
  },
  "upload": {
    "start_time": 1738573537.460117,
    "end_time": 1738574261.702198,
    "time_taken": 724
  }
}
