{
    "version": "8.4.1",
    "layer": 195,
    "file_name": "DC1_4952183784339407986.zip",
    "file_size": 2097152000,
    "download": {
        "start_time": 1741105113.209313,
        "end_time": 1741105304.696361,
        "time_taken": 191.4870481491089,
        "file_name": "DC1_4952183784339407986.zip",
        "file_size": 2097152000
    },
    "upload": {
        "start_time": 1741105304.696379,
        "end_time": 1741105467.038946,
        "time_taken": 162.3425669670105
    }
}