{
    "version": "8.4.1",
    "layer": 195,
    "file_name": "DC1.zip",
    "file_size": 2097152000,
    "download": {
        "start_time": 1741100792.751458,
        "end_time": 1741100792.751577,
        "time_taken": 0.00011897087097167969
    },
    "upload": {
        "start_time": 1741100792.751597,
        "end_time": 1741101155.834745,
        "time_taken": 363.0831480026245
    }
}