{
  "version": "2.2.5-TL-198",
  "layer": 198,
  "file_size": 2097152000,
  "download": {
    "start_time": 1738573126.184642,
    "end_time": 1738573740.476637,
    "time_taken": 614
  },
  "upload": {
    "start_time": 1738573740.476645,
    "end_time": 1738573991.750417,
    "time_taken": 251
  }
}
