{
  "version": "2.5.7",
  "layer": 198,
  "file_size": 2097152000,
  "download": {
    "start_time": 1738998439.422813,
    "end_time": 1738998764.475425,
    "time_taken": 325
  },
  "upload": {
    "start_time": 1738998764.475433,
    "end_time": 1738998947.137538,
    "time_taken": 182
  }
}
