{
  "version": "2.3.86",
  "layer": 183,
  "file_size": 2097152000,
  "download": {
    "start_time": 1744644277.940422,
    "end_time": 1744644552.755461,
    "time_taken": 276.0
  },
  "upload": {
    "start_time": 1744644552.755469,
    "end_time": 1744644685.488891,
    "time_taken": 199.5
  }
}
