{
  "version": "2.3.84",
  "layer": 181,
  "file_size": 2097152000,
  "download": {
    "start_time": 1741770132.431737,
    "end_time": 1741770519.035902,
    "time_taken": 386.0
  },
  "upload": {
    "start_time": 1741770519.035908,
    "end_time": 1741770641.771248,
    "time_taken": 251.5
  }
}
