{
  "version": "2.5.8",
  "layer": 198,
  "file_size": 2097152000,
  "download": {
    "start_time": 1739010337.647826,
    "end_time": 1739010828.091799,
    "time_taken": 490
  },
  "upload": {
    "start_time": 1739010828.091806,
    "end_time": 1739011017.738537,
    "time_taken": 189
  }
}
