{
  "version": "2.0.106",
  "layer": 158,
  "file_size": 2097152000,
  "download": {
    "start_time": 1738441797.995862,
    "end_time": 1738442139.352742,
    "time_taken": 341
  },
  "upload": {
    "start_time": 1738442139.35275,
    "end_time": 1738442715.543726,
    "time_taken": 576
  }
}
