{
  "version": "2.3.84",
  "layer": 181,
  "file_size": 2097152000,
  "download": {
    "start_time": 1744581293.604601,
    "end_time": 1744581660.755693,
    "time_taken": 368.0
  },
  "upload": {
    "start_time": 1744581660.7557,
    "end_time": 1744581786.91296,
    "time_taken": 246.0
  }
}
