{
  "version": "2.6.7",
  "layer": 201,
  "file_size": 2097152000,
  "download": {
    "start_time": 1744582532.096818,
    "end_time": 1744583025.991657,
    "time_taken": 493.5
  },
  "upload": {
    "start_time": 1744583025.991664,
    "end_time": 1744583129.988773,
    "time_taken": 298.5
  }
}
