{
  "version": "2.3.84",
  "layer": 181,
  "file_size": 2097152000,
  "download": {
    "start_time": 1744531243.763817,
    "end_time": 1744531626.211642,
    "time_taken": 382.5
  },
  "upload": {
    "start_time": 1744531626.211649,
    "end_time": 1744531738.840541,
    "time_taken": 249.0
  }
}
