{
  "version": "2.3.84",
  "layer": 181,
  "file_size": 2097152000,
  "download": {
    "start_time": 1741184179.196897,
    "end_time": 1741184650.512792,
    "time_taken": 471
  },
  "upload": {
    "start_time": 1741184650.512799,
    "end_time": 1741184764.400975,
    "time_taken": 113
  }
}
