{
  "version": "2.3.84",
  "layer": 181,
  "file_size": 2097152000,
  "download": {
    "start_time": 1744582531.195113,
    "end_time": 1744583122.823202,
    "time_taken": 540.5
  },
  "upload": {
    "start_time": 1744583122.82321,
    "end_time": 1744583226.832691,
    "time_taken": 322.0
  }
}
