{
  "version": "2.3.86",
  "layer": 183,
  "file_size": 2097152000,
  "download": {
    "start_time": 1744531243.665097,
    "end_time": 1744531752.165201,
    "time_taken": 508.0
  },
  "upload": {
    "start_time": 1744531752.165209,
    "end_time": 1744531865.264621,
    "time_taken": 315.5
  }
}
