{
  "version": "2.6.7",
  "layer": 201,
  "file_size": 2097152000,
  "download": {
    "start_time": 1744644278.122021,
    "end_time": 1744644547.560058,
    "time_taken": 262.5
  },
  "upload": {
    "start_time": 1744644547.560066,
    "end_time": 1744644667.895365,
    "time_taken": 189.5
  }
}
