{
  "version": "2.2.5-TL-198",
  "layer": 198,
  "file_size": 2097152000,
  "download": {
    "start_time": 1738437714.64425,
    "end_time": 1738437935.901206,
    "time_taken": 221
  },
  "upload": {
    "start_time": 1738437935.901236,
    "end_time": 1738438062.901016,
    "time_taken": 126
  }
}
