{
  "version": "2.6.7",
  "layer": 201,
  "file_size": 2097152000,
  "download": {
    "start_time": 1744644279.797094,
    "end_time": 1744644790.751592,
    "time_taken": 512.0
  },
  "upload": {
    "start_time": 1744644790.751598,
    "end_time": 1744644946.132223,
    "time_taken": 345.0
  }
}
