{
  "version": "2.0.106",
  "layer": 158,
  "file_size": 2097152000,
  "download": {
    "start_time": 1738573107.802501,
    "end_time": 1738573586.960823,
    "time_taken": 479
  },
  "upload": {
    "start_time": 1738573586.96083,
    "end_time": 1738574008.694717,
    "time_taken": 421
  }
}
