{
  "version": "2.3.86",
  "layer": 183,
  "file_size": 2097152000,
  "download": {
    "start_time": 1741184958.925108,
    "end_time": 1741185467.651081,
    "time_taken": 508
  },
  "upload": {
    "start_time": 1741185467.651087,
    "end_time": 1741185580.750278,
    "time_taken": 113
  }
}
