{
  "version": "2.2.8",
  "layer": 200,
  "file_size": 2097152000,
  "download": {
    "start_time": 1740899025.416711,
    "end_time": 1740899174.474168,
    "time_taken": 149
  },
  "upload": {
    "start_time": 1740899174.474174,
    "end_time": 1740899354.854123,
    "time_taken": 180
  }
}
