{
  "version": "2.2.5-TL-198",
  "layer": 198,
  "file_size": 2097152000,
  "download": {
    "start_time": 1739000239.874375,
    "end_time": 1739000738.814813,
    "time_taken": 498
  },
  "upload": {
    "start_time": 1739000738.81482,
    "end_time": 1739000950.011667,
    "time_taken": 211
  }
}
