{
  "version": "2.6.7",
  "layer": 201,
  "file_size": 2097152000,
  "download": {
    "start_time": 1744582532.376754,
    "end_time": 1744583015.867191,
    "time_taken": 487.5
  },
  "upload": {
    "start_time": 1744583015.867199,
    "end_time": 1744583140.387474,
    "time_taken": 306.0
  }
}
