{
  "version": "2.3.86",
  "layer": 183,
  "file_size": 2097152000,
  "download": {
    "start_time": 1743141144.574936,
    "end_time": 1743141397.363465,
    "time_taken": 255.0
  },
  "upload": {
    "start_time": 1743141397.363473,
    "end_time": 1743141523.264765,
    "time_taken": 189.5
  }
}
