{
  "version": "2.3.58",
  "layer": 198,
  "file_size": 2097152000,
  "download": {
    "start_time": 1738998431.884635,
    "end_time": 1738998743.422242,
    "time_taken": 311
  },
  "upload": {
    "start_time": 1738998743.42225,
    "end_time": 1738999055.963476,
    "time_taken": 312
  }
}
