{
  "version": "2.3.86",
  "layer": 183,
  "file_size": 2097152000,
  "download": {
    "start_time": 1744582530.351372,
    "end_time": 1744582773.628495,
    "time_taken": 241.0
  },
  "upload": {
    "start_time": 1744582773.628503,
    "end_time": 1744582898.426508,
    "time_taken": 182.0
  }
}
