{
  "version": "2.3.84",
  "layer": 181,
  "file_size": 2097152000,
  "download": {
    "start_time": 1743141145.369193,
    "end_time": 1743141614.925617,
    "time_taken": 470.0
  },
  "upload": {
    "start_time": 1743141614.925624,
    "end_time": 1743141744.268946,
    "time_taken": 289.0
  }
}
