{
  "version": "2.3.84",
  "layer": 181,
  "file_size": 2097152000,
  "download": {
    "start_time": 1744644276.936911,
    "end_time": 1744644582.550973,
    "time_taken": 307.5
  },
  "upload": {
    "start_time": 1744644582.55098,
    "end_time": 1744644708.755451,
    "time_taken": 211.0
  }
}
