{
  "version": "2.5.9",
  "layer": 198,
  "file_size": 2097152000,
  "download": {
    "start_time": 1740898435.718479,
    "end_time": 1740898632.91556,
    "time_taken": 197
  },
  "upload": {
    "start_time": 1740898632.915567,
    "end_time": 1740898770.74099,
    "time_taken": 137
  }
}
