{
  "version": "0.9.0",
  "layer": "1.8.45",
  "file_size": 2097152000,
  "download": {
    "start_time": 1741099097.373726,
    "end_time": 1741099212.415754,
    "time_taken": 115
  },
  "upload": {
    "start_time": 1741099212.415763,
    "end_time": 1741099332.661293,
    "time_taken": 120
  }
}