{
  "version": "0.9.0",
  "layer": "1.8.45",
  "file_size": 2097152000,
  "download": {
    "start_time": 1740899954.246182,
    "end_time": 1740900199.723181,
    "time_taken": 245
  },
  "upload": {
    "start_time": 1740900199.723189,
    "end_time": 1740900363.664275,
    "time_taken": 163
  }
}