{
  "version": "0.9.0",
  "layer": "1.8.45",
  "file_size": 2097152000,
  "download": {
    "start_time": 1740678956.786305,
    "end_time": 1740679215.340324,
    "time_taken": 258
  },
  "upload": {
    "start_time": 1740679215.340332,
    "end_time": 1740679335.752563,
    "time_taken": 120
  }
}