{
  "version": "1.39.0",
  "layer": 199,
  "file_size": 2097152000,
  "download": {
    "start_time": 1740899031.347987,
    "end_time": 1740899476.09235,
    "time_taken": 444
  },
  "upload": {
    "start_time": 1740899476.092359,
    "end_time": 1740900343.386358,
    "time_taken": 444
  }
}
