{
  "version": "1.38.1",
  "layer": 198,
  "file_size": 2097152000,
  "download": {
    "start_time": 1739001651.985886,
    "end_time": 1739002621.238296,
    "time_taken": 969
  },
  "upload": {
    "start_time": 1739002621.238304,
    "end_time": 1739003340.838181,
    "time_taken": 969
  }
}
