{
  "version": "1.38.1",
  "layer": 198,
  "file_size": 2097152000,
  "download": {
    "start_time": 1738573123.161294,
    "end_time": 1738574512.092126,
    "time_taken": 1388
  },
  "upload": {
    "start_time": 1738574512.092135,
    "end_time": 1738575253.973305,
    "time_taken": 1388
  }
}
